acacia,1
acesulfame potassium,2
acetic acid,3
acetic anhydride,4
acetone,5
acetone peroxides,6
acetyl-(p-nitrophenyl)-sulfanilamide,7
n-acetyl-l-methionine,8
acetylated monoglycerides,9
acidified sodium chlorite solutions,10
aconitic acid,11
acrolein,12
acrylamide -acrylic acid resin,13
acrylamide-sodium acrylate resin,143
"acrylic acid 12-acrylamido-2,2-propionic sulfonic acid copolymer",15
acrilonitrile copolymers,16
adjuvants for pesticides use dilutions,17
adipic acid,18
adipic anhydride,19
agar-agar,20
aklomide (2-chloro-4-nitrobenzamide),21
dl-alanine,22
albendazole,23
"alcohol, denatured formula 23a",24
"alcohol, sda-3a",25
alcohols/phosphate esters of same mixture,26
"alfalfa, extract",27
alfalfa herb and seed,28
"algae, brown (kelp), or red",29
alginic acid and salts:,30
ammonium alginate,66
calcium alginate,178
potassium alginate,1003
sodium alginate,1147
alginic acid,35
algin,36
alkanomide produced by condensation of coconut oil fatty acids and diethanolamine,37
n-alkyl(c12-c18)benzyldimethylammonium chloride,38
n-alkyl(c12-c14)dimethylethylbenzylammonium chloride,39
alpha-alkyl-omega-hydroxypoly(oxyethylene),40
alkylene oxide adducts of alkyl alcohols,41
allspice,42
allspice oil and oleoresin,43
"almond, bitter",44
aloe,45
alpha-acetolactate decarboxylase,46
alpha-amylase,47
althea flowers or root (marshmallow root),48
aluminum ammonium sulfate,49
aluminum calcium silicate,50
aluminum nicotinate,51
aluminum potassium sulfate,52
aluminum salts of fatty acids,53
aluminum sodium sulfate,54
aluminum stearate,55
aluminum sulfate,56
ambergris,57
ambrette (seed),58
amino acids,59
p-aminobenzoic acid,60
aminoglycoside 3'-phosphotransferase ii,61
aminopeptidase from lactococcus lactis,62
ammoniated cottonseed meal,63
"ammoniated glycyrrhizin, licorice, or glycyrrhiza",64
ammoniated rice hulls,65
ammonium bicarbonate,67
ammonium carbonate,68
ammonium caseinate,69
ammonium chloride,70
ammonium hydroxide,71
ammonium persulfate,72
ammonium phosphate (mono- and dibasic),73
ammonium saccharin,74
ammonium sulfate,75
amoxicillin,76
ampicillin,77
amprolium (1-(4-amino-2-n-propyl-5-pyrimldinylmethyl)-2-picolinium chloride hydrochloride) alone or comb/w other drugs and antibiotics,78
amylase from aspercillgus oryzae,79
amyloglucosidase enzyme product,80
amyris,81
"angelica (root, stem, seed)",82
angola weed,83
angostura (cusparia bark),84
anhydrous ammonia,85
"animal protein hydrolysate, cond",86
"anise, star anise",87
anoxomer,88
antibiotics for growth promotion and feed efficiency,89
"anthracite coal, sulfonated",90
apramycin,91
apricot kernel (persic oil),92
arabinogalactan,93
arginine (l form only),94
arnica flower extract,95
arsanilic acid,96
arsenic,97
artemisia,98
artichoke leaves,99
asafoetida,100
ascorbic acid,101
ascorbyl palmitate,102
asparagine (l-form),103
aspartame,104
aspartic acid (l-form),105
aspergillus niger,106
azaperone,107
azodicarbonamide,108
"bacitracin, manganese bacitracin, zinc bacitracin, bacitracin methylene disalicylate",109
"bacteria (harmless, lactic acid producing; propionic acid producing)",110
bacterial catalase,111
bakers yeast protein (saccharomyces cerevisiae),112
balm (lemon balm),113
balsam of peru,114
bambermycins,115
basil,116
basil (bush and sweet),117
"bay, bay leaves",118
"bay, (myrcia oil)",119
"beeswax (bleached, white wax)",120
beeswax (yellow wax),121
"beeswax, white (cire d'abeille)",122
bentonite,123
benzathine cloxacillin,124
benzene,125
benzoic acid,126
benzoin resin,127
benzophenone,128
benzoyl peroxide,129
bergamot (bergamot orange),130
beta-carotene,131
bha (butylated hydroxyanisole),132
bht (butylated hydroxytoluene),133
bicarbonate of soda,134
bile salts & ox bile extract,135
"bioflavonoids, citrus - ds, ill, any claim for special dietary use renders the food misbranded (vitasafe case)",136
biotin,137
bitter almond,138
"biuret, feed grade",139
blackberry bark extract,140
"boiler water additives - ammonium alginate, cobalt sulfate, lignosulfonic acid, monobutyl ether of polyoxyethylene glycol or potassium tripolyphosphate, sodium carboxymethylcellulose, sodium glucoheptonate, sodium humate, sodium metasilicate, sodium metabisulfite, polyoxpropylene glycol, polyoxyethylene glycol, potassium carbonate, sodium acetate, sodium alginate, sodium aluminates, sodium carbonate, sodium hexametaphosphate, sodium hydroxide, sodium lignosulfonate, sodium nitrate, sodium phosphate (mono-, di-, tri-), sodium polyacrylate, sodium polymethacrylate, sodium silicate, sodium sulfate, sodium sulfite (neutral or alkaline), sodium tripolyphosphate, tannin (incl quebracho extract), tetrasodium edta, tetrasodium pyrophosphate, 1-hydroxyethylidene-1,1-diphosphonic acid and its sodium & potassium salt",141
hydrazine,620
cyclohexylamine or morpholine,144
octadecylamine,869
diethylaminoethenol,146
trisodium nitrilotriacetate,1366
polymaleic acid and/or its sodium salt,148
"sorbitol anhydride esters (a mixture of sorbitan monostearate, polyoxyethylene (20) sorbitan mono stearate (polysorbate 60) and polyoxyethylene (20) sorbitan monolaurate (polysorbate 20)",149
bois de rose,150
boldus leaves,151
"borax - misc, ill, no petition filed, illegal for use in foods incl. wax ctg for fruits and vegetables. mid permits use in export meats.",152
boron,153
boronia flowers,154
bromelin or bromelain (spelling optional),155
brominated vegetable oil,156
bryonia root,157
bucha leaves oil,158
buckbeen leaves,159
buquinolate,160
butadiene styrene rubber,161
"butane, n-butane, isobutane",162
butoxy monoether of mixed (ethylene-propylene) polyalkylene glycol,163
n-butoxypolyoxyethylene polyoxypropylene glycol,164
butter starter distillate,165
butyl acetate,166
butyl alcohol,167
"1,3-butylene glycol",168
tert-butylhydroquinone,169
butyl rubber,170
butyl stearate,171
cacao,172
"cadmium sulfide - color, ill, prior sanction for use as colorant in polystyrenes withdrawn - fd 1-8-69",173
caffeine,174
cajeput,175
"calamus, root, oil or extract - flav, ill, illegal in foods",176
calcium acetate,177
calcium ascorbate,179
calcium bromate,180
calcium bromide,181
calcium carbonate,182
calcium caseinate,183
calcium chloride,184
calcium citrate,185
calcium cyclamate,186
calcium diacetate,187
calcium dioxide (ca peroxide),188
calcium disodium ethylenediamine-tetraacetate [(calcium ethylenedinitrilo) tetraacetate]; calcium disodium edta,189
calcium gluconate,190
calcium hexametaphosphate,191
calcium hydroxide,192
calcium hypochlorite,193
calcium iodate,194
calcium iodobehenate,195
calcium lactate,196
calcium lactobionate -,197
calcium lignin sulfonate (and/or sodium salt),198
calcium lignosulfonate,199
calcium orthophosphate,200
calcium oxide,201
calcium pantothenate,202
calcium pantothenate (calcium chloride double salt of) d- or dl-form,203
calcium periodate,204
calcium peroxide (same as calcium dioxide),205
calcium phosphate (mono-),206
"calcium phosphate (mono-, di-)",207
"calcium phosphate (mono-, di, or tribasic)",208
calcium propionate,209
calcium pyrophosphate,210
calcium saccharin,211
calcium salt of partially dimerized rosin,212
calcium salts,213
calcium salts of fatty acids,214
calcium silicate (including synthetic),215
calcium sorbate,216
calcium stearate,217
"calcium stearate, feed grade",218
calcium stearoyl-2-lactylate,219
calcium sulfate,220
calendula,221
calumba root,222
"camomile, camomile flowers english, roman, german, hungaria",223
camphor tree,224
cananga,225
candida lipolytica,226
candida guilliermondii,227
candelilla wax,228
canola oil,229
capers,230
caproic acid,231
caprylic acid,232
capsicum,233
caramel,234
caraway,235
"caraway, black (black cumin)",236
carbado,237
carbarsone (not usp,238
carbohydrase enzyme derived from aspergillus niger,239
carbohydrase enzyme derived from rhizopus oryzae,240
carbomycin,241
carbon dioxid,242
carbon monoxide,243
carboxymethylcellulose,244
cardamom (cardamon),245
cardamom oleoresin,246
cardamom seed (cardamon),247
carnauba wax,248
carob bean,249
carob bean extract,250
carob bean gum (locust bean gum),251
carotene,252
"carrageenan and its ammonium, calcium, potassium, or sodium salts",253
carrageenan or carrageenan salts with polysorbate 80,254
carrot,255
cascara sagrada,256
cascarilla bark,257
"cassia, cassia bark (chinese, padang or batavia, saigon)",258
cassie flowers,259
castoreum,260
castor oil,261
"catalase, bacterial (derived from micrococcus lysodeikticus)",262
"catechu, black",263
cayenne pepper,264
"cedar, white (arborvitae) leaves and twigs",265
ceftiofur,266
celery seed,267
cellulase enzyme derived from aspergillus niger,268
cellulose gum,269
cellulose triacetate,270
centaury (centrurium) her,271
"cephapirin, sodium",272
cephapirin benzathine,273
"cetyl alcohol, synthetic",274
cetylpyridinium chloride,275
chamomile flowe,276
"chamomile flower, english, oil",277
chemicals for controlling micro-organisms in cane sugar and beet sugar mill,278
chemicals used in delinting cottonseed,279
chemicals used in washing fruits & vegs. or to assist in peeling fruits and vegs,280
cherry-laurel leaves,281
cherry-laurel water,282
"cherry, pits, extract",283
"cherry, wild, bark",284
chervil,285
chervil extract,286
chestnut leaves/extract,287
chewing gum base,288
chicle,289
chicory,290
chilte,291
chilquibul,292
"chirata (chiretta, east indian bolonong) & herb extract",293
chloramphenicol,294
chlorhexidine dihydrochloride,295
chlorine & chlorine dioxide,296
chlorine dioxide,297
"chlorine dioxide, stabilized",298
chlorobutanol,299
chlorofluorocarbon-113,300
chloromethylated aminated styrene di-vinylbenzene resin,301
2-chloro-4-nitrobenzamide,302
"chloropentafluoroethane alone or comb/w carbon dioxide nitrous oxide, propane, or octafluorocyclobutane",303
clorsulon,304
chlortetracycline,307
choline bitartrate,308
choline chloride,309
choline xanthate,310
chymosin enzyme preparation derived from e. coli k­12,311
"cinchona bark, red or yellow",312
"cinnamon & bark & leaf, ceylon, chinese, and saigon",313
"cinnamyl anthranilate - syl/fl, ban, zero - 189.113",314
cinnamyl formate,315
cire d'abielle,316
citric acid,317
citronella,318
"citrus bioflavonoids - ds, ill, any claim for special dietary use renders the food misbranded (vitasafe case)",319
citrus peels,320
"civet (zibeth, zibet, zibetum)",321
clary (clary sage),322
"clopidol (3,5-dichloro-2,6-dimethyl-4-pyridinol)",323
cloxacillin,324
"clove, bud, leaf, and ste",325
clover,326
cloves,327
coatings on fresh citrus fruits,328
"cobalt (acetate, carbonate, chloride, oxide, sulfate)",329
"cobaltous salts (acetate) - misc, ill, illegal for use, 172.260 revoked chloride, sulfate) 8/12/66",330
coca (decocainized),331
cocoa butter substitute from palm oil,332
"cocoa butter substitute from coconut oil, palm kernel oil or both",333
cocoa with dioctyl sodium sulfosuccinate for manufacturing,334
coffee,335
"cognac oil, white and green",336
cola nut,337
colloidal silicon dioxide,338
combustion product gas,339
condensed animal protein hydrolysate,340
copaiba,341
"copals, manila",342
copolymer condensates of ethylene oxide and propylene oxide,343
"copper (carbonate, chloride, gluconate, hydroxide, orthophosphate, oxide, pyrophosphate, sulfate)",344
copper gluconate,345
copper (cuprous) iodide,346
copper sulfate,347
coriander,348
"cork, oak",349
corn dextrin,350
corn gluten,351
corn silk,352
corn sugar,353
corn syrup,354
"corn syrup, high fructose",355
costmary,356
costus root,357
cottonseed & soybean fatty acids,358
cottonseed flour (cooked and partially defatted),359
cottonseed products (modified),360
"coumaphos (o,o-diethyl o-(3-chloro-4-methyl-2-oxo-2h-1-benzopyran-7-yl) phosphorothioate) -",361
"coumarin - sy/fs, ban, any food containing coumarin added as such or as a constituent of tonka beans or tonka extract is adulterated.",362
coumarone-indene resin,363
"crambe meal, heat toasted",364
cubeb,365
cumin (cummin),366
"cumin, black (black caraway)",367
cuprous iodide,368
"curacao orange peel (orange, bitter, peel)",369
curdlan,370
"currant black, buds & leaves",371
cusparia bark,372
"cyclamates - nns, ill, not legal in food",373
cyclohexane,374
cyclohexylamine,375
cyfluthrin,376
cysteine (l-form),377
cysteine (l-form) monohydrochloride,378
cystine (l form),379
damar gum (shorea dipterocarpaceae,380
damiana leaves,381
"dandelion, dandelion root",382
"dandelion, fluid extract (taraxacum spp.)",383
ddvp,384
decalactone alone or comb/w dodecalactone,385
decanoic acid,386
1-decanol - syn fatty alcohol,387
decoquinate,388
"decyl alcohol, synthetic",389
"defoaming agents and components dimethylpolysiloxane, polyoxyethylene 40 monostearate, polysorbate 60, polysorbate 65, propylene glycol alginate, silicon dioxide, sorbitan monostearate, aluminum stearate",390
"defoaming agents, butter, oleomargarine, lard, corn oil, coconut oil, cottonseed oil, mono- and diglycerides of fat-forming fatty acids",391
dehydroacetic acid or its na salt,392
"dextrans (avg mol wt <100,000)",393
diacetyl,394
dextrin,395
dextrose,396
"diacetyl tartaric acid esters of mono- and diglycerides of edible fats or oils, or edible fat-forming fatty acids",397
"2,4-diamino-5-(6-methylveratryl)pyrimidine",398
di-n-alkyl(c8-c18-from coconut oil)dimethylammonium chloride,399
dialkanolamide (1 mole of methyl laurate w/ 1.05 mole of diethanolamine),400
diammonium phosphate,401
diatomaceous earth,402
"2,2-dibromo-3-nitrilopropionamide",403
dicalcium phosphate,404
dichlorodifluoromethane,405
"3,5-dichloro-2,6-dimethyl-4-pyridinol",406
dichloroisocyanuric acid,407
"dichlorvos (2,2-dichlorovinyl dimethyl phosphate or ddvp)",408
diethanolamide condensate from soybean oil fatty acids (c16-c18),409
diethanolamine condensate from stripped coconut oil fatty acids (c10-c18),410
diethylaminoethanol,411
diethylene glycol monoethyl ether,412
diethylenetriamine,413
diethylenetriamine crosslinked with epichlorohydrin,414
diethylamino-cellulose,415
"diethylstilbestrol (des) - feed, ban, not legal for animal use (drug or feed)",416
"diethyl pyrocarbonate (depc) - inh, ill, not legal in food",417
diethyl tartrate,418
"dihydrosafrole - sy/fl, pd/ill, not legal in food",419
"3,5-diiodosalicylic acid",420
dilauryl thiodipropionate,421
dill,422
"dill, indian",423
dimethylamine-epichlorhydrin copolymer,424
dimethylamine-epichlorohydrin resin,425
dimethyldialkyl(c14-c18)ammonium chloride,426
dimethyl dicarbonate,427
dimethylethanolamine,428
dimethylpolysiloxane,429
"dimetridazole - feed/vet, reg, zero - not legal for animal use",430
di-n-alkyl(c8-c10)dimethyl-ammonium chloride,431
"di-n-alkylc8-c10)dimethylammonium chloride, n-alkyl(c12-c18)benzyldimethylammonium chloride, ethyl alcohol and alpha-(p-nonylphenyl)-omega-hydroxypoly(oxyethylene)",432
"3,5-dinitrobenzamide",433
dioctyl sodium sulfosuccinate,434
dipotassium phosphate,435
disodium cyanodithioimidocarbonate,438
disodium edta (disodium ethylenediaminetetraacetate),437
disodium ethylenebisdithiocarbamate,439
disodium guanylate,440
disodium inosinate,441
"disodium phosphate (x-ref - sodium phosphate, mono-, di-, & tri-)",442
dodecylbenzenesulfonic acid,443
alpha-(p-dodecylphenyl)-omega-hydroxypoly(oxyethylene),444
"dog grass (quackgrass, triticum)",445
"dulcin - nns, ill - not legal in food",446
dulse,447
edta,448
"edta, tetrasodium",449
efrotomycin,450
elder flowers,451
enanthic acid,452
enzyme-modified soy protein,453
"enzymes, carbohydrase & cellulase, from aspergillus niger",454
enzymes from aspergillus oryzae,455
enzymes from plant and animal sources,456
"enzymes (for milk clotting) from endothis parasitica, bacillus cereus, mucor pusillus , mucor miehei cooney et emerson, or aspergillus oryzae modified by recombinant aspartic proteinase enzyme from rhizomucor miehei",457
enzyme-modified fats,458
epichlorohydrin,459
epoxidized soybean oil,460
erythorbic acid,461
"erythromycin, erythromycin thiocyanate or phosphate",462
esterase-lipase from mucor miehei,463
estradiol,464
estradiol benzoate,465
estradiol valerate,466
"estragole (or esdragol, estragon, esdragon, tarragon)",467
ethopabate,468
ethoxylated mono- and diglycerides,469
ethoxyquin,470
ethyl acetate,471
ethyl alcohol (ethanol),472
ethyl cellulose,473
ethylene dichloride,474
ethylene glycol monobutyl ether,475
ethylene oxide copolymer condensates,476
"ethylene oxide polymer, alkyl adduct",477
"ethylene oxide polymer, alkyl adduct, phosphate ester",478
"ethylene oxide/propylene oxide copolymer, alkyl adduct",479
"ethylene oxide/propylene oxide copolymer, alkyl adduct, phosphate ester",480
"ethyl 4,4'-dichlorobenzilate",481
ethyl ester of fatty acids,482
ethyl formate,483
ethyl methylphenylglycidate,484
"ethyl 4-hydroxy-6,7-diisobutoxy-3-quinolinecarboxylate",485
ethyl vanillin,486
eucalyptus globulus leaves,487
eucheuma cottonii extract,488
eucheuma spinosum extract,489
eugenol,490
exfoliated hydrobiotite (verxite),491
"famphur (o,o-dimethyl o-[p-(dimethylsulfamoyl)phenyl] phosphorothioate)",492
fatty acids,493
"fatty acids, salts of (aluminum, calcium, magnesium, potassium, and sodium)",494
"fatty alcohols, synthetic hexyl, octyl, decyl, lauryl, myistyl, cetyl, and stearyl alcohols",495
fenbendazole,496
"fennel, common",497
"fennel, sweet (finochio, florence)",498
fenprostalene,499
fenthion,500
fenugreek,501
fermentation derived milk-clotting enzyme,502
fermented ammoniated condensed whey,503
ferric ammonium chloride,504
ferric chloride,505
ferric citrate,506
ferric phosphate,507
ferric pyrophosphate,508
ferric sodium pyrophosphate,509
ferric sulfate,510
ferrous ascorbate,511
ferrous carbonate,512
ferrous citrate,513
ferrous fumarate,514
ferrous gluconate,515
ferrous lactate,516
ferrous sulfate,517
"fir (""pine"" & ""balsam"") needles and twigs",518
"fish protein concentrate, whole",519
fish protein isolate,520
"flavoring substances, natural",521
"fluorine - containing compounds (sodium, potassium, or calcium fluoride) - misc, pd, ill - petition for exten­sion in dietary supplements terminated in of 7-1-73. addition of fluorine compounds to foods limited to that from fluoridation of public water supplies and to that resulting from the fluoridation of bottled water within limits set in 103.35. refer to section 170.45 for statement of policy.",522
folic acid (folacin),523
food additives for use in milk producing animals for treatment of bovine mastitis,524
"food starch, modified",525
food starch esterified with n-octenyl succinic anhydride treated with beta -amylase;,526
formaldehyde (paraformaldehyde),527
formalin,528
formic acid (x-ref - ethyl formate),529
"fumaric acid and its calcium, magnesium, potassium, and sodium salts",530
fumaric acid-ferrous salt,531
"furazolidone - vet, reg, zero not permitted for use in animal feeds - use withdrawn 8/23/91",532
furcelleran,533
"furcelleran, salts of ammonium, calcium, potassium, or sodium",534
alpha-galactosidase from mortierella vinaceae var. raffinoseutilizer,535
galanga (galangal root),536
"galanga, greater",537
galbanum,538
"gambir (catechu, pale)",539
garlic,540
"gas, combustion product",541
gellan gum,542
genet flowers,543
gentian rhizome & roots,544
"gentian, stemless",545
"gentian violet - fung, reg, vet, prohibited from use in animal feeds - 589.1000",546
gentamicin sulfate,547
"geraniol (3,7-dimethyl-2,6 and 3,6-octadien-1-ol)",548
geranium,549
"geranium, east indian or rose",550
geranyl acetate (geraniol acetate,551
geranyl isobutyrate,552
"germander, chamaedrys or golden",553
ghatti gum,554
gibberellic acid and its potassium salt,555
gigartina extracts,556
ginger,557
gluconate salts of ca and na,558
glucono delta-lactone,559
glutamic acid (or hydrochloride),560
"glutamic acid, condensed extracted fermentation product",561
glutamine,562
glutaraldehyde,563
glycerides and polyglycides of hydrogenated vegetable oils,564
glycerin,565
"glycerin, synthetic",566
glycerol,567
glycerol ester of gum rosin,568
glycerol ester of partially dimerized rosin,569
glycerol ester of partially hydrogenated gum or wood rosin,570
glycerol ester of polymerized rosin,571
glycerol ester of tall oil rosin,572
glycerol ester of wood rosin,573
"glycerol (glyceryl) tributyrate (tributyrin, butyrin)",574
glyceryl behenate -,575
glyceryl-lacto esters of fatty acids,576
glyceryl monooleate,577
glyceryl (glycerol) monostearate (monostearin),578
glyceryl palmitostearate,579
glyceryl triacetate (triacetin),580
glyceryl tristearate,581
glycine,582
glycoryrrhiza,583
"glycyrrhizin, ammoniated",584
gonadorelin,585
gonadotropin (serum) and gonadotropin (chorionic),586
grains of paradise,587
grapefruit,588
ground limeston,589
guaiac,590
guarana,591
guar gum,592
guava,593
gum arabic (acacia,594
gum ghatti,595
gum gluten,596
gum karaya,597
gum tragacanth,598
gums (natural) of vegetable origin,599
guta hang kang,600
halofuginone hydrobromide,601
haloxon,602
"haw, black bar",603
helium,604
hemicellulose extract,605
hemlock needles & twigs,606
heptylparaben (n-heptyl p-hydroxybenzoate),607
hexachlorophene,608
hexane,609
"hexitol oleate - emul,ill - no petition filed. was used as an ice cream emulsifier.",610
"hexyl alcohol, synthetic",611
hickory bark,612
histidine (l form only),613
"hop extract, modified",614
hops,615
horehound (hoarhound),616
horsemint,617
horseradish,618
hyacinth flowers,619
hydriodic acid,621
"hydrobiotite, exfoliated",622
hydrochloric acid,623
hydrocortisone (as acetate or sodium succinate),624
hydrogen peroxide,625
hydrogenated corn syrup,626
hydrogenated menhaden oil,627
hydrolyzed leather meal,628
hydrolyzed vegetable protein,629
"1-hydroxyethylidene-1,1-diphosphonic acid",635
alpha-hydro-omega-hydroxypoly(oxyethylene)poly(oxypropylene) (minimum 15 moles) poly(oxyethylene) block copolymers,631
"alpha-hydro-omega-hydroxypoly(oxyethylene)poly(oxypropylene)(53-59moles) poly(oxyethylene)(14-16 moles) block copolymer, (mol wt 3500-4125)",632
"alpha-hydro-omega-hydroxy-poly(oxyethylene)poly(oxypropylene) (55-61 moles) poly(oxyethylene) block copolymers, (mol wt. 9,760-13,200)",633
"alpha-hydro-omega-hydroxypoly(oxyethylene)poly(oxypropylene)(51-57moles) poly(oxyethylene) block copolymer (mol. wt. 14,000)",634
hydroxylated lecithin,636
"4-hydroxymethyl-2,6-di-tert-butylphenol",637
hydroxypropyl cellulose,638
hydroxypropyl methylcellulose,639
"8-hydroxyquinoline sulfate - misc, ban, was used as comp. of a cottage cheese coagula",640
hygromycin b,641
hyssop,642
iceland moss,643
immortelle,644
imperatoria,645
inositol,646
insoluble glucose isamase enzyme preparations,647
"intrinsic factor complex (liver-stomach concentration) ds,ill, see section 250.201 - x-ref; liver-stomach concentrate",648
invert sugar,649
iodine,650
iodine (from potassium iodide),651
"iodine (calcium iodate, calcium iodobehenate, cuprous iodide, 3,5-diiodosalicylic acid, ethylenediamine dihydroiodide, potassium iodate, potassium iodide, sodium iodate, sodium iodide, thymol iodide)",652
iodinated casein,653
ion exchange membranes,654
ion exchange resins,655
"ipronidazole - feed, reg,zero - not legal for animal use; vet, reg, zero, do - nada with­drawn 1-17-89",656
irish moss and extract of,657
"iron (ascorbate, carbonate, chloride, citrate, fumarate, gluconate, lactate, oxide, phosphate, pyrophosphate, sodium pyrophosphate, sulfate, reduced iron)",658
iron ammonium citrate,659
iron-choline citrate complex,660
iron (harmless salts of),661
"iron, elemental",662
"iron, reduced",663
iron salts,664
irradiated enzymes,665
irradiated food,666
irradiated meats,667
irradiated molluscan shellfish,668
irradiated pork,669
irradiated poultry,670
irradiated poultry feed,671
irradiated yeast,672
"irradiated spices, herbs & seasonings",673
irradiation,674
isoascorbic acid,675
isobutane,676
isobutylene-isoprene copolymer,677
"isobutylene resin, polyisobutylene",678
isoleucine (l form only),679
"isoparaffinic petroleum hydrocarbons, synthetic",680
"isopropanol, isopropyl alcohol",681
isopropyl citrate,682
iva,683
ivermectin,684
jasmine,685
jelutong,686
juniper (berries),687
karaya gum,688
kelp,689
"kelp (see algae, brown)",690
kola nut,691
labdanum,692
lactase enzyme preparation from kluyveromyces lactis,693
lactic acid,694
lactose,695
"lactose, hydrolyzed",696
lactylated fatty acid esters of glycerol and propylene glycol,697
lactylic esters of fatty acids,698
lactylic stearate,699
lanolin,700
lasolocid sodium,701
lasalocid sodium,702
latex (butadiene styrene rubber),703
"laurel berries, leaves",704
laureth 23,705
lauric acid,706
"lauryl alcohol, synthetic",707
alpha-lauryl-omega-hydroxypoly (oxyethylene) (avg. mol wt 400),708
lavandin,709
lavender,710
"lavender, spike",711
"leather meal, hydrolyzed",712
"lecithin, hydroxylated lecithin",713
"lemon, lemon peel",714
lemon balm (see balm),715
"lemon grass - eso, gras - 182.20",716
lemon-verbena,717
l-leucine,718
levamisole hydrochloride,719
"licorice and derivatives (ammoniated glycyrrhizin, glycyrrhiza)",720
"lignin sulfonate, ammonium, calcium, magnesium, sodium includes lignin from abaca",721
lime (citrus),722
"limestone, ground",723
linaloe wood,724
linear undecylbenzenesulfonic acid,725
lincomycin hydrochloride,726
linden flowers,727
linden leaves,728
linoleic acid,729
"liver-stomach concentrate w/ intrinsic factor complex ds, ill, any food containing the intrinsic factor is adulterated - part 250.201(f)",730
locust bean,731
locust (carob) bean gum,732
lovage,733
lungmoss,734
lupulin,735
l-lysine,736
mace,737
"madurimicin ammonium aka ""cygro",738
magnesium carbonate,739
magnesium chloride,740
"magnesium cyclamate - nns, ill, removed from the gras list 10-21-69, legal only in pdts complying with drug provision of the law - 189.135",741
magnesium hydroxide,742
magnesium oxide,743
"magnesium phosphate (di-, tri- basic)",744
magnesium silicate,745
magnesium stearate,746
magnesium sulfate,747
maidenhair fern,748
"malic acid, l-malic acid",749
malt (extract),750
malt syrup (malt extract),751
maltodextrin,752
maltose,753
mandarin oil,754
manganese bacitracin,755
manganese chloride,756
manganese citrate,757
manganese gluconate,758
manganese glycerophosphate,759
manganese hypophosphite,760
manganese sulfate,761
"manganese salts (acetate, carbonate, chloride, soluble citrate, gluconate, ortho-phosphate, dibasic phosphate, sulfate, oxide)",762
manganous oxide,763
mannitol,764
"maple, mountain",765
"marigold, pot",766
"marjoram, pot",767
"marjoram, sweet",768
massaaranduba balata,769
massaaranduba chocolate,770
materials used as fixing agents in the immobilization of enzyme preparations,771
mate,772
melengestrol acetate,773
melissa (see balm),774
"menadione - ds, pd, extension for use as a dietary suppl w/limit of 1 mg/day revoked 3/22/63. no food additive regulation authorizing use of menadione in prenatal suppls or any other food pdt issued",775
"menadione dimethylphyrimdinol bisulfite (2-hydroxy-4, 6- dimethyl pyrimidinol salt of menadione)",776
menhaden oil (hydrogenated and partially hydrogenated),777
menthol,778
menthyl acetate,779
"n-(mercaptomethyl)phthalimide s-(o,o-dimethyl phosphorodithioate)",780
methacrylic acid-divinyl benzene copolymer,781
methionine (l- & -dl forms),782
methionine hydroxy analog and its calcium salts,783
methyl alcohol residues,784
methylcellulose (usp methylcellulose),785
methylene chloride,786
methyl ester of rosin,787
"methyl esters of fatty acids produced from edible fats & oils - misc, reg, < 3% wt of aqueous & < 200 ppm raisins",788
methyl esters of higher fatty acids,789
methyl ethyl cellulose,790
methyl glucoside - coconut oil ester,791
methylparaben (methyl-p-hydroxybenzoate),792
methyl prednisolone,793
metoserpate hydrochloride,794
microcapsules,795
microcrystalline cellulose,796
microparticulated protein product,797
milk clotting enzymes,798
mimosa (black wattle) flowers,799
"mineral oil, white (use limitations include all petroleum hydrocarbons that may be used in combination with white mineral oil)",800
mixed carbohydrase and protease enzyme product,801
modified hop extract,802
molasses (extract),803
molecular sieve resins,804
"monensin, monensin sodium",805
monoammonium glutamate,806
monobutyl esters of polyethylene-polypropylene glycol produced by random condensation of a 1:1 mixture by weight of ethylene oxide & propylene oxide with butanol,807
monocalcium phosphate (calcium phosphate monobasic),808
"monochloracetic acid - pres, ban, any amount in beverages & other foods will serve to adulterate them -189.155",809
monoester of alpha -hydro -omega -hydroxy -poly (oxyethylene)poly (oxypropylene) poly (oxyethylene) ((minimum 15 moles) blocked copolymer derived from low erucic acid rapeseed oil,810
monoethanolamine,811
monoglyceride citrate,812
"monoglycerides, distilled",813
monoglycerides of fatty acids,814
"mono- & diglycerides of edible fats or oils, or edible fat forming acids",815
monoisopropyl citrate,816
monopotassium glutamate,817
"monopotassium phosphate (potassium phosphate, monobasic)",818
monosodium glutamate,819
"monosodium phosphate (sodium phosphate, monobasic)",820
"monosodium phosphate derivatives of mono- & diglycerides of edible fats or oils, or edible fat-forming fatty acids",821
morantel tartrate,822
morpholine,823
mullein flowers,824
musk (tonquin musk),825
"mustard, brown or black",826
"mustard, white or yellow",827
myristic acid,828
"myristyl alcohol, synthetic",829
"myrj 45 (polyoxyethylene 8-stearate) - emul, ill, (no petition filed) use in foods unauthorized",830
myrrh,831
myrtle leaves,832
naphtha,833
narasin,834
naringin,835
"ndga - aox, ill, see nordihydroguaiaretic acid -189.165",836
natamycin (pimaricin),837
natural flavoring substances,838
natural gas,839
neomycin,840
neotame,841
nequinate,842
"neroli, bigarade",843
niacin,844
niacinamide,845
nicotinamide-ascorbic acid complex,846
nicarbazin,847
nickel,848
nisin preparation,849
nitarsone,850
nitrites (sodium and potassium),851
nitrofurazone,852
nitrogen,853
nitrogen oxides,854
3-nitro-4-hydroxyphenylarsonic acid (roxarsone),855
nitroimide w/sulfanitran,856
nitrosyl chloride,857
nitrous oxide,858
nonanoic acid,859
alpha-(p-nonylphenyl)-omega-hydroxypoly(oxyethylene),860
"nordihydroguaiaretic acid (ndga) - aox, ill, not legal for use in foods - 189.165",861
novobiocin,862
nutmeg,863
nystatin,864
oak moss,865
"oak, white, chips",866
"oak, (english), wood",867
oat gum,868
octafluorocyclobutane,870
n-octanoic (caprylic) acid,871
1-octenyl succinic anhydrid,872
n-octyl alcohol,873
"octyl alcohol, synthetic",874
octyldimethylamine and a mixture of n-carboxylic acids,875
octyl gallate,876
"oil of sassafras - fl/adj, ban - illegal for use in foods 189.180",877
"oil of sassafras, safrole free",878
oleandomycin,879
oleic acid,880
oleic acid derived from tall oil fatty acids,881
olestra,882
olibanum oil,883
onion,884
opopanax,885
"orange-bitter, flowers, pee",886
"orange-sweet, leaf, flower, peel",887
"oregano (origanum, mexican oregano, mexican sage, origan)",888
origanum,889
"ormetoprim (2,4-diamino-5(6-methylveratryl)pyrimi-dine)",890
orris root -,891
ox bile extract,892
oxides of nitrogen,893
oxfendazol,894
oxystearin,895
oxytetracycline,896
ozone,897
"p-4000 (5-nitro-2-n-propoxyaniline) - nns, ill - not legal in food - 189.175",898
palmarosa,899
palmitic acid,900
pansy,901
d-pantothenamide,902
d-panthothenyl alcohol,903
papain,904
paprika,905
paprika oleoresin,906
paraffin wax (x-ref: wax),907
parsley,908
passion flower,909
patchouly,910
peach kernel (persic oil),911
peach leaves,912
peanut oil,913
peanut stearine,914
pectins (including pectin modified),915
pelargonic acid,916
penicillin,917
penicillium roquefortii,918
pennyroyal (american),919
pennyroyal (european),920
pentaerythritol ester of maleic anhydride modified wood rosin,921
pentaerythritol ester of rosin,922
"pepper, black, white",923
"pepper, cayenne, red",924
peppermint,925
pepsin,926
peptones,927
peracetic acid,928
perfluorohexane,929
periodic acid,930
peroxyacetic acid,931
peroxyacids,932
persic oil (see apricot/peach kernel oil),933
peruvian balsam,934
"petigrain (citrus aurantium) lemon, mandarin, or tangerine",935
petrolatum nf & usp,936
petroleum hydrocarbons (synthetic isoparaffinic),937
"petroleum hydrocarbons, odorless, light",938
petroleum naphtha,939
petroleum wa,940
"petroleum wax, synthetic",941
"phenol-formaldehyde, cross-linked, tetraethylenepentamine activated",942
"phenol-formaldehyde, cross-linked, triethylenetetramine activated",943
"phenol-formaldehyde, cross-linked, triethylenetetramine and tetraethylenepentamine activated",944
"phenol-formaldehyde, sulfite-modified, cross-linked",945
"phenylalanine, (l-form only)",946
phosphoric acid,947
phosphorus oxychloride,948
pichia pastoris yeast,949
"pimenta oil, pimenta leaf",950
"pine, dwarf, needles & twigs",951
"pine, scotch, needles & twigs",952
"pine, white, bar",953
"pine, white oil",954
pipsissewa leaves,955
poloxalene,956
poly(acrylic acid-co-hypophosphite) sodium salt,957
polyacrylamide,958
"polyacrylamide resin, modified",959
poly(alkyl methacrylate),960
polydextrose,961
polyethylene,962
"polyethylene, mol. wt. 2,000 - 21,000 - misc, reg, as constituent of chewing gum base",963
"polyethylene, oxidized",964
"polyethylenimine reaction product with 1,2-dichloroethane",965
polyoxyethylene (600) dioleate,966
polyoxyethylene (600) monoricinoleate,967
polyoxyethylene (23) lauryl ether,978
polyethylene glycol,969
"polyethylene glycol (mean molecular weight 200 -9,500)",970
polyethylene glycol (400) dioleate,971
polyethylene glycol (400) mono- & di- oleate,972
polyglycerol esters of fatty acids,973
"polyisobutylene (minimum molecular weight 1,200-2,500)",974
polyglyceryl phthalate ester of coconut oil fatty acids,975
polymaleic acid and/or its sodium salts,976
polyoxyethylene glycol (400) mono- & di- oleates,977
polyoxyethylene (40) monostearate,979
polyoxyethylene-polyoxypropylene block polymers (avg molecular weight l900,980
polyoxyethylene-polyoxypropylene block polymers (avg molecular weight 2000),981
polyoxyethylene-polyoxypropylene block polymers (avg molecular weight 2800),982
polyoxyethylene (20) sorbitan monooleate,983
polyoxyethylene (20) sorbitan monostearate,984
polyoxyethylene (20) sorbitan tristearate,985
polyoxypropylene glycol (minimum molecular weight 1000),986
polypropylene glycol (molecular weight 1200-3000),987
polysorbate 60 (polyoxyethylene (20) sorbitan monostearate),988
polysorbate 65 (polyoxyethylene (20) sorbitan tristearate),989
polysorbate 80 (polyoxyethylene (20) sorbitan monooleate),990
polysorbate 80 w/ carrageenan or carrageenan salts,991
polyvinyl acetate (molecular weight 2000 minimum),992
polyvinylpolypyrrolidone,993
"polyvinylpyrrolidone (avg molecular weight 40,000, except in beer)",994
poly(2-vinylpyridine-co-styrene),995
pomegranate,996
poplar buds,997
poppy seed,998
pot marigold,999
pot marjoram,1000
potassium acetate,1001
potassium acid tartrate,1002
potassium alum,1004
potassium bicarbonate,1005
potassium bisulfite,1006
potassium bromate,1007
potassium bromide,1008
potassium caprate,1009
potassium caprylate,1010
potassium carbonate,1011
potassium caseinate,1012
potassium chloride,1013
potassium citrate,1014
"potassium cyclamate - nns, ill, removed from gras list 10-21-69 - 189.135",1015
potassium dichloroisocyanurate,1016
potassium fumarate,1017
potassium gibberellate,1018
potassium gluconate,1019
potassium glycerophosphate,1020
potassium hydroxid,1021
potassium hypochlorite,1022
potassium iodate,1023
potassium iodide,1024
potassium lactate,1025
potassium laurate,1026
potassium metabisulfite,1027
potassium n-methyldithiocarbamate,1028
potassium myristate,1029
potassium nitrate,1030
potassium nitrite,1031
potassium oleate,1032
potassium palmitate,1033
potassium permanganate,1034
potassium persulfate,1035
potassium phosphate (dipotassium phosphate) (dibasic),1036
potassium phosphate (monobasic),1037
potassium salts of fatty acids,1038
potassium sorbate,1039
potassium stearate,1040
potassium sulfat,1041
potassium trichloroisocyanurate,1042
potassium triphosphate,1043
prednisolone,1044
prednisone,1045
prickly ash bark,1046
procaine penicillin,1047
progesterone,1048
proline (l form only),1049
propane,1050
propanoic acid,1051
propionic acid,1052
"propyl alcohol, normal",1053
propylene glycol,1054
propylene glycol alginate (propylene glycol ester of alginic acid),1055
propylene glycol mono- & di- esters of fats & fatty acids,1056
propylene oxide,1057
propyl gallate,1058
propylparaben (propyl-p-hydroxybenzoate),1059
"protein concentrate, whole fish",1060
"protein, hydrolyzed",1061
"protein, vegetable, hydrolyzed",1062
"prussiate of soda, yellow (na ferrocyanide decahydrate)",1063
psyllium seed husk,1064
pteroylglutamic acid (aka folic acid),1065
pyrantel tartrate,1066
pyridoxine hydrochloride,1067
pyrophyllite (aluminum silicate monohydrate),1068
quassia,1069
quaternary ammonium chloride combination,1070
quebracho bark,1071
quillaia (soapbark),1072
quince seed,1073
quinine hydrochloride or sulfate,1074
radiation and radiation sources,1075
"rapeseed oil, fully hydrogenated",1076
"rapeseed oil, fully hydrogenated, superglycerinated",1077
"rapeseed oil, low erucic acid",1078
"rapeseed oil, low erucic acid, partially hydrogenated",1079
red saunders (red sandalwood),1080
regenerated cellulose,1081
rennet (rennin),1082
"resin, from formaldehyde, acetone, or tetraethylenepentamine",1083
rhatany root,1084
rhizopus oryzae,1085
"rhubarb, garden root (rheum rhaponticum l)",1086
rhubarb root,1087
riboflavin,1088
riboflavin-5-phosphate,1089
rice bran wax,1090
robenidine hcl,1091
"rose absolute (otto of roses, attar of roses)",1092
"rose buds, flowers, fruit (hips), leaves",1093
rose geranium,1094
roselle,1095
rosemary,1096
rosidinha (rosadinha),1097
rosin (colophony),1098
"rosin, gum, glycerol ester",1099
"rosin, gum or wood, pentaerythritol ester, partially hydrogenated pentaerythritol ester, or partially hydrogenated glycerol ester",1100
"rosin, methyl ester, partially hydrogenated",1101
"rosi, partial dimerized, calcium salt or partially (catalytically) hydrogenated",1102
"rosin, polymerized glycerol ester, partially hydrogenated glycerol ester, or partially dimerized glycerol ester",1103
"rosin, tall oil, glycerol este",1104
"rosin, wood",1105
"rosin, wood, glycerol ester",1106
roxarsone,1107
"rubber, butadiene-styrene",1108
rubber (natural) smoked sheet and latex solids,1109
rue,1110
"rue, oil",1111
rum,1112
"saccharin (ammonicalcium, or sodium)",1113
saffron,1114
"safrole & any oil containing safrole - ill, no legal use in food 189.180",1115
safrole-free extract of sassafras,1116
"sage, greek",1117
"sage, spanish",1118
st. john's bread,1119
"st. johnswort leaves, flowers and caulis",1120
salicylic acid,1121
salinomycin,1122
salts of fatty acids,1123
"sandalwood, white (yellow or east indian), red",1124
sandarac,1125
sanitizing solutions,1126
sarsaparilla,1127
"sassafras extract, safrole free",1128
sassafras leaves,1129
"savory, winter or summer",1130
schinus molle,1131
selenium as sodium selenite or selenate,1132
"senna, alexandria",1133
serine (l-form only),1134
serpentaria (virginia snakeroot),1135
sesame,1136
silica aerogel,1137
silicon dioxide,1138
silver nitrate,1139
simaruba bark,1140
sloe berries (blackthorn berries),1141
smoke prepared by condensing or precipitating wood smoke,1142
"snakeroot, canadian (wild ginger)",1143
sodium acetate,1144
sodium acid phosphate,1145
sodium acid pyrophosphate,1146
sodium n-alkylbenzene sulfonate (alkyl group predominately c12 and c13 and not less than 95% c10 to c16),1148
sodium aluminate,1149
sodium aluminosilicate (sodium silicoaluminate),1150
sodium aluminum phosphate,1151
sodium aluminum sulfate,1152
sodium arsanilate,1153
sodium ascorbate,1154
sodium benzoate,1155
sodium bicarbonate,1156
sodium bisulfite,1157
sodium borohydride,1158
sodium bromide,1159
sodium calcium aluminosilicate hydrated (sodium calcium silicoaluminate),1160
sodium carbonate,1161
sodium carbonate w/sodium mono- & dimethyl naphthalene sulfonates,1162
sodium carboxymethylcellulose (cellulose gum),1163
sodium chloride,1164
sodium chlorite,1165
sodium citrate,1166
sodium cloxacillin,1167
"sodium cyclamate - nns, ill - removed from gras list 10-21-69 - 189.135",1168
sodium n-cyclohexyl-n-palmitoyl taurate,1169
sodium decylbenzenesulfonate,1170
sodium diacetate,1171
sodium dichloroisocyanurate,1172
sodium dimethyldithiocarbamate,1173
sodium dioctylsulfosuccinate,1174
sodium dodecylbenzenesulfonate,1175
sodium 2-ethylhexylsulfate,1176
sodium ferrocyanide decahydrate,1177
"sodium fluoride - nutr, pd/ill, gmp, x-ref - fluorine containing compounds",1178
sodium glucoheptonate,1179
sodium gluconate,1180
sodium hexametaphosphate,1181
sodium humate,1182
sodium hydroxide,1183
sodium hypochlorite,1184
sodium hypophosphite,1185
sodium iodate,1186
sodium iodide,1187
sodium lactate,1188
sodium laurate,1189
sodium lauryl sulfate,1190
sodium lignosulfonate,1191
sodium lignum sulfonate,1192
sodium metabisulfite,1193
sodium metaphosphate,1194
sodium metasilicate,1195
sodium methyl sulfate,1196
sodium mono- & dimethylnaphthalenesulfonates,1197
sodium myristate,1198
"sodium nicotinate - ill, request for extension of statute and for filing of petition denied. deceptive use in ground meat for color retention.",1199
sodium nitrate,1200
sodium nitrite,1201
sodium 1-octanesulfonate,1202
sodium oleate,1203
sodium palmitate,1204
sodium pantothenate,1205
sodium pectinate,1206
"sodium phosphate (mono-, di-, and tribasic)",1207
sodium phosphate (monobasic) (monosodium phos­phate),1208
sodium phosphate,1209
sodium polyacrylate-acrylamide resin,1210
sodium polyacrylate,1211
sodium polymethacrylate,1212
sodium potassium tartrate,1213
sodium propionate,1214
sodium pyrophosphate,1215
sodium saccharin,1216
sodium salts of fatty acids,1217
sodium sesquicarbonate,1218
sodium silicate,1219
sodium silicoaluminate,1220
sodium sorbate,1221
sodium stearate,1222
sodium stearoyl lactylate,1223
sodium stearyl fumarate,1224
sodium sulfachloropyrazine monohydrate,1225
sodium sulfate,1226
sodium sulfide,1227
sodium sulfite,1228
sodium sulfo-acetate derivatives (mono- & diglycerides),1229
sodium tartrate,1230
sodium tetrapyrophosphate,1231
sodium thiosulfate,1232
sodium p-toluenesulfonchloramide,1233
sodium trichloroisocyanurate,1234
sodium trimetaphosphate,1235
sodium tripolyphosphate,1236
sodium xylenesulfonate,1237
solvent extraction process for citric acid,1238
sorbic acid,1239
sorbitan monooleate,1240
sorbitan monostearate,1241
sorbitol,1242
"soybean oil, hydrogenated",1243
"soybean oil fatty acids, hydroxylated",1244
"soybean protein, isolated",1245
spearmint,1246
spectinomycin,1247
sperm oil,1248
"sperm oil, hydrogenated",1249
spike lavender,1250
spruce needles & twigs,1251
stannous chloride,1252
star anise,1253
starch,1254
"starch, modified food",1255
"starch, acid modified",1256
"starch, pregelatinized",1257
"starch, unmodified",1258
starter distillate,1259
stearic acid,1260
"stearyl alcohol, synthetic",1261
stearyl citrate,1262
stearyl monoglyceridyl citrate,1263
stearoyl propylene glycol hydrogen succinate,1264
sterculia gum (karaya gum),1265
"storax, or styrax",1266
streptomycin,1267
styrene,1268
"styrene, polymeric compounds",1269
succinic acid,1270
"succinic acid, 2,2-dimethylhydrazide",1271
succinic anhydride,1272
succinylated gelatin,1273
succinylated monoglycerides,1274
succistearin (stearoyl propylene glycol hydrogen succinate),1275
sucralose,1276
sucrose,1277
sucrose acetate isobutyrate (saib),1278
sucrose fatty acid esters,1279
sucrose oligoesters,1280
strawberry aldehyde (c-16 aldehyde),1281
sugar beet extract flavor base,1282
sulfabromomethazine,1283
sulfachloropyrazine,1284
sulfachlorpyridazine,1285
sulfadimethoxine,1286
sulfadimethoxine + ormetoprim,1287
sulfaethoxypyridazine,1288
sulfamerazine (n-[4-methyl-2-pyrimidinyl]sulfanil­amide),1289
sulfamethazine,1290
sulfamethazine a) (w/chlortetracycline & penicillin) b) (w/tylosin),1291
sulfamethazine sodium,1292
sulfanitran (acetyl[p-nitrophenyl]sulfanilamide) (w/alk-lomide),1293
sulfaquinoxaline,1294
sulfated butyl oleate,1295
sulfathiazole (combined w/chlortetracycline and penicillin),1296
sulfiting agents,1297
sulfomyxin (n-sulfomethylpolymyxin b-sodium salt),1298
"sulfonated lignin, primarily as calcium & sodium salts",1299
sulfonated 9-octadecanoic acid,1300
"sulfonated oleic acid, na salt",1301
sulfur dioxide,1302
sulfuric acid,1303
synthetic fatty alcohols,1304
synthetic flavoring substances,1305
synthetic glycerin,1306
synthetic isoparaffinic petroleum hydrocarbons,1307
synthetic paraffin & succinic derivatives,1308
tagetes (marigold) oil,1309
"tall oil rosin, glycerol ester of",1310
"tallow alcohol, hydrogenated",1311
"tallow, fatty acids",1312
"tallow, hydrogenated, oxidized or sulfated",1313
tamarind,1314
tangerine,1315
tannic acid,1316
tannin,1317
tansy,1318
tarragon,1319
tartaric acid,1320
taurine,1321
tea,1322
technical white mineral oil,1323
terpene resin (beta-pinene polymer),1324
"terpene resin (synthetic polymers of alpha-pinene, beta-pinene, and/or dipentene & natural polymers of alpha-pinene)",1325
testosterone propionate,1326
tetracycline,1327
tetraethylenepentamine crosslinked with epichlorohydrin,1328
"alpha-[p-(1,1,3,3-tetramethylbutyl)phenyl]-omega-hydroxypoly(oxyethylene)",1329
tetrasodium pyrophosphate,1330
tetrasodium ethylenediaminetetracetate,1331
tbhq (tertiary butylhydroquinone),1332
"thbp (2,4,5-trihydroxybutyrophenone)",1333
thiamine hydrochloride or mononitrate,1334
thiabendazole,1335
thiodipropionic acid,1336
"thiourea - aox, ban, banned prior to faa - use illegal - 189.190",1337
"thistle, blessed (holy thistle)",1338
threonine (l form only),1339
"thyme, white thyme",1340
"thyme, wild or creeping",1341
thymol iodide,1342
thymus capitatus (spanish origanum),1343
tiamulin,1344
tocopherols,1345
tocopherol acetate,1346
"tolu, balsam, extract ands gum",1347
"tonka extract - sy/fl, ban - see ""coumarin"" - 189.130",1348
"torula yeast, dried (candida utilis)",1349
tragacanth (gum tragacanth),1350
trenbolone acetate,1351
trenbolone acetate & estradiol,1352
"triacetin (glyceryl triacetate or 1,2,3-propanetriol triacetate)",1353
tricalcium phosphate,1354
tricalcium silicate,1355
trichloroethylene,1356
trichloroisocyanuric acid,1357
trichloromelamine,1358
triethanolamine,1359
triethyl citrate,1360
triethylenetetramine cross-linked with epichlorohydrin,1361
triflouromethane sulfonic acid,1362
trifluoromethane sulfonic acid,1363
"2,4,5-trihydroxybutyrophenone (thbp)",1364
trimethylamine,1365
trisodium phosphate,1367
triticum (see dog grass),1368
tryptophan (l-form only),1369
tuberose,1370
turmeric,1371
tunu,1372
turpentin,1373
tylosin,1374
tylosin & sulfamethazine,1375
tyrosine (l-form only),1376
urea,1377
urease enzyme from lactobacillius fermentum,1378
valerian rhizome & roots,1379
valeric acid,1380
valine (l-form only),1381
vanilla,1382
vanillin,1383
"vegetable oils, brominated",1384
veronica,1385
"vervain, european",1386
verxite flakes,1387
verxite granules (exfoliated hydrobiotite),1388
verxite grits,1389
vetiver,1390
vinyl acetate,1391
vinyl chloride-vinylidene chloride copolymer,1392
violet flowers & leaves,1393
violet leaves absolute,1394
"violet, swiss",1395
virginiamycin,1396
vitamin a,1397
vitamin a acetat,1398
vitamin a palmitate,1399
vitamin b,1400
vitamin b12,1401
vitamin c,1402
vitamin d,1403
vitamin d2,1404
vitamin d3,1405
"volatile fatty acids: isobutyric acid, isovaleric acid, methylbutyric acid, m-valeric acid (as calcium or ammonium salts)",1406
"walnut husks, leaves & green nuts",1407
"wax, paraffin (fischer-tropsch)",1408
"wax, paraffin",1409
wheat starch,1410
"wheat gluten, vital",1411
"whey, fermented, ammoniated, condensed",1412
"whey, reduced lactose whey, reduced minerals whey, whey protein concentrate",1413
white mineral oil,1414
whole fish protein concentrate,1415
wild cherry bark,1416
wood rosin,1417
"woodruff, sweet",1418
xanthan gum,1419
xylitol,1420
yarrow,1421
"yeast (bakers, saccharomyces cerevisiae)",1422
"yeast, dried",1423
"yeast, dried, inactive",1424
"yeast, dried, irradiated",1425
yeast extract (bakers),1426
"yeast, malt sprout extract",1427
"yeast, torula, dried",1428
yellow prussiate of soda (sodium ferrocyanide decahy­drate),1429
yerba santa,1430
ylang-ylang,1431
"yucca, joshua-tree",1432
"yucca, mohave",1433
"zein, powder",1434
zedoary,1435
zedoary bark,1436
zeranol (zearalanol),1437
"zinc (acetate, carbonate, chloride, oxide, sulfate)",1438
zinc bacitracin,1439
zinc chloride,1440
zinc gluconate,1441
zinc methionine sulfate,1442
zinc oxide,1443
zinc stearate,1444
zinc sulfate,1445
zoalene,1446
